id, number, name, sex, birthday, tel, ctct_name, ctct_addr, ctct_tel, pspt_no, pspt_date, pspt_name, rental
1,WAP00104,北川　公一,M,1986-12-25,610-819-2499,,,,,,,
2,WAP00105,Bucha0n Pearson,M,1971-07-05,644-482-8374,,,,,,,
3,WAP00106,Stokes Mosley,M,1976-07-23,587-610-2373,,,,,,,
4,WAP00107,Consuelo Cohen,F,1969-02-10,711-213-9980,,,,,,,
5,WAP00108,Luisa Brown,F,1974-08-11,425-354-3646,,,,,,,
6,WAP00110,鶴岡　勝彦,M,1973-06-10,258-291-7559,,,,,,,
7,WAP00111,谷内　梨央,F,1972-06-24,623-349-4778,,,,,,,
8,WAP00112,小山田　正和,M,1966-09-05,292-301-3937,,,,,,,
9,WAP00117,Shan0 Taylor,F,1970-07-24,649-651-8905,,,,,,,
10,WAP00118,李 男皆,M,1978-11-27,444-347-9871,,,,,,,
11,WAP00119,Matthews Walls,M,1986-02-20,988-848-0307,,,,,,,
12,WAP00148,May Walker,M,1985-09-30,318-609-0558,,,,,,,
13,WAP00152,Mcgee Munoz,M,1993-03-26,931-318-4472,,,,,,,
14,WAP00155,Salas Rollins,M,1986-07-05,011-580-2098,,,,,,,
15,WAP00161,Hogan Duffy,M,1970-05-16,103-242-6551,,,,,,,
16,WAP00163,Ber0dine Hewitt,F,1987-10-29,299-914-2432,,,,,,,
17,WAP00165,陈 奕单,M,1962-11-22,141-504-9871,,,,,,,
18,WAP00166,Tucker Battle,M,1965-03-24,082-678-5450,,,,,,,
19,WAP00167,Juarez Sellers,M,1985-11-16,237-672-0735,,,,,,,
20,WAP00169,Tyler Delgado,M,1986-11-01,493-541-5811,,,,,,,
21,WAP00170,Owen Braund,M,1987-07-25,386-300-8627,,,,,,,
22,WAP00171,John Cumings,F,1974-10-16,147-383-0839,,,,,,,
23,WAP00172,Laina Heikkinen,F,1981-11-01,716-601-7931,,,,,,,
24,WAP00173,Jacques Futrelle,F,1991-02-05,122-271-2611,,,,,,,
25,WAP00174,William Allen,M,1985-03-07,920-152-6587,,,,,,,
26,WAP00175,James Moran,M,1991-07-09,010-449-4885,,,,,,,
27,WAP00176,Timothy McCarthy,M,1984-09-13,433-786-0659,,,,,,,
28,WAP00177,Gosta Palsson,M,1993-09-30,100-343-3676,,,,,,,
29,WAP00178,Oscar Johnson,F,1994-10-08,134-433-0186,,,,,,,
30,WAP00179,Nicholas Nasser,F,1965-05-04,015-670-0011,,,,,,,
31,WAP00180,Marguerite Sandstrom,F,1972-09-22,055-700-1192,,,,,,,
32,WAP00181,Elizabeth Bonnell,F,1990-07-17,868-174-1706,,,,,,,
33,WAP00182,William Saundercock,M,1977-05-01,264-013-0891,,,,,,,
34,WAP00183,Anders Andersson,M,1966-09-17,748-616-9687,,,,,,,
35,WAP00184,Hulda Vestrom,F,1970-01-17,020-627-8560,,,,,,,
36,WAP00185,Eugene Rice,M,1990-12-27,648-315-1238,,,,,,,
37,WAP00186,Charles Williams,M,1991-07-02,705-667-4047,,,,,,,
38,WAP00187,Julius Vander,F,1968-06-14,273-315-4125,,,,,,,
39,WAP00188,Fatima Masselmani,F,1968-05-25,458-191-0133,,,,,,,
40,WAP00189,Joseph Fynney,M,1994-02-01,678-349-3405,,,,,,,
41,WAP00190,Lawrence Beesley,M,1982-07-03,874-367-4092,,,,,,,
42,WAP00191,AnnaAnnie McGowan,F,1973-06-10,841-839-4733,,,,,,,
43,WAP00192,William Sloper,M,1992-08-02,451-958-0320,,,,,,,
44,WAP00193,Torborg Palsson,F,1970-06-16,750-833-7835,,,,,,,
45,WAP00194,Carl Asplund,F,1972-06-09,336-995-8620,,,,,,,
46,WAP00195,Farred Emir,M,1968-07-27,930-867-9117,,,,,,,
47,WAP00196,Charles Fortune,M,1974-08-04,646-871-8661,,,,,,,
48,WAP00197,EllenNellie O,F,1993-07-06,696-060-2703,,,,,,,
49,WAP00198,Lalio Todoroff,M,1990-11-10,557-741-4275,,,,,,,
50,WAP00199,Don Uruchurtu,M,1984-02-17,405-521-5269,,,,,,,
51,WAP00200,William Spencer,F,1989-03-13,063-588-0310,,,,,,,
52,WAP00201,Mary Glynn,F,1987-03-29,280-321-7991,,,,,,,
53,WAP00202,Edward Wheadon,M,1964-02-25,965-408-6706,,,,,,,
54,WAP00203,Edgar Meyer,M,1978-10-18,588-345-1976,,,,,,,
55,WAP00204,Alexander Holverson,M,1976-11-30,123-415-2496,,,,,,,
56,WAP00205,Hanna Mamee,M,1974-11-06,360-535-1123,,,,,,,
57,WAP00206,Ernest Cann,M,1979-08-20,210-106-1040,,,,,,,
58,WAP00207,Augusta Vander,F,1967-05-14,020-086-5405,,,,,,,
59,WAP00208,Jamila Nicola,F,1972-03-02,310-403-3214,,,,,,,
60,WAP00209,Johan Ahlin,F,1994-06-28,035-484-4143,,,,,,,
61,WAP00210,William Turpin,F,1981-02-18,415-250-4511,,,,,,,
62,WAP00211,Theodor Kraeff,M,1971-02-04,738-961-1546,,,,,,,
63,WAP00212,Simonne Laroche,F,1994-04-25,601-223-4267,,,,,,,
64,WAP00213,Margaret Devaney,F,1981-09-18,964-615-2253,,,,,,,
65,WAP00214,William Rogers,M,1988-12-25,950-553-0382,,,,,,,
66,WAP00215,Denis Lennon,M,1988-10-18,976-384-8866,,,,,,,
67,WAP00216,Bridget O,F,1965-09-26,778-838-5903,,,,,,,
68,WAP00217,Youssef Samaan,M,1966-04-18,987-221-2157,,,,,,,
69,WAP00218,Josef Arnold,F,1967-02-21,752-629-4719,,,,,,,
70,WAP00219,Juha Panula,M,1982-08-04,269-691-4498,,,,,,,
71,WAP00220,Richard Nosworthy,M,1972-04-29,012-562-9611,,,,,,,
72,WAP00221,Henry Harper,F,1987-01-20,668-031-3767,,,,,,,
73,WAP00222,Lizzie Faunthorpe,F,1983-10-21,502-101-5433,,,,,,,
74,WAP00223,Engelhart Ostby,M,1994-01-27,126-143-4297,,,,,,,
75,WAP00224,Hugh Woolner,M,1984-03-31,634-960-5438,,,,,,,
76,WAP00225,Emily Rugg,F,1971-03-19,419-618-3819,,,,,,,
77,WAP00226,Mansouer Novel,M,1978-10-24,029-536-2434,,,,,,,
78,WAP00227,Constance West,F,1985-11-12,537-583-6794,,,,,,,
79,WAP00228,William Goodwin,M,1987-10-16,875-135-0623,,,,,,,
80,WAP00229,Orsen Sirayanian,M,1990-01-23,407-713-5199,,,,,,,
81,WAP00230,Amelie Icard,F,1968-03-11,167-293-0344,,,,,,,
82,WAP00231,Henry Harris,M,1985-03-04,841-362-8820,,,,,,,
83,WAP00232,Harald Skoog,M,1969-04-25,418-315-0058,,,,,,,
84,WAP00233,Albert Stewart,M,1963-01-31,532-427-5520,,,,,,,
85,WAP00234,Gerios Moubarek,M,1988-01-04,890-328-0607,,,,,,,
86,WAP00235,Ernest Crease,M,1987-06-07,650-718-4550,,,,,,,
87,WAP00236,Erna Andersson,F,1978-03-29,053-238-3873,,,,,,,
88,WAP00237,Vincenz Kink,M,1964-11-13,396-540-4751,,,,,,,
89,WAP00238,Stephen Jenkin,M,1967-03-16,996-229-4291,,,,,,,
90,WAP00239,Lillian Goodwin,F,1990-03-07,836-569-0269,,,,,,,
91,WAP00240,Ambrose Hood,M,1962-04-02,341-694-4829,,,,,,,
92,WAP00241,Apostolos Chronopoulos,M,1992-03-04,321-437-9920,,,,,,,
93,WAP00242,Lee Bing,M,1992-02-01,763-235-2328,,,,,,,
94,WAP00243,Sigurd Moen,M,1975-10-15,832-727-4255,,,,,,,
95,WAP00244,Ivan Staneff,M,1980-08-22,198-680-3439,,,,,,,
96,WAP00245,Rahamin Moutal,M,1988-03-08,151-935-8769,,,,,,,
97,WAP00246,Alden Caldwell,M,1962-10-06,994-711-6518,,,,,,,
98,WAP00247,Elizabeth Dowdell,F,1982-03-27,857-824-4544,,,,,,,
99,WAP00248,Achille Waelens,M,1992-10-07,506-982-2469,,,,,,,
